DMA,Est. Impact,Share of Impact
Los Angeles,"$20,258.10",22.9%
San Diego,"$11,627.50",13.2%
Phoenix -Prescott,"$12,578.38",14.2%
San Francisco-Oak-San Jose,"$7,668.76",8.7%
Sacramnto-Stkton-Modesto,"$12,085.38",13.7%
Denver,"$6,931.47",7.8%
Las Vegas,"$5,772.13",6.5%
Palm Springs,"$1,598.58",1.8%
Seattle-Tacoma,"$4,493.37",5.1%
SantaBarbra-SanMar-SanLuob,"$1,540.70",1.7%
Salt Lake City,"$1,591.31",1.8%
Bakersfield,"$1,149.66",1.3%
Portland- OR,"$1,049.26",1.2%
New York,$0.00,0%
Jacksonville,$0.00,0%
Washington-DC -Hagrstwn,$0.00,0%
Montgomery-Selma,$0.00,0%
Madison,$0.00,0%
Kansas City,$0.00,0%
Reno,$0.00,0%
Billings,$0.00,0%
Yuma-El Centro,$0.00,0%
Monterey-Salinas,$0.00,0%
Medford-Klamath Falls,$0.00,0%
Omaha,$0.00,0%
Houston,$0.00,0%
Rapid City,$0.00,0%
Eureka,$0.00,0%
Dallas-Ft. Worth,$0.00,0%
Philadelphia,$0.00,0%
Wichita-Hutchinson Plus,$0.00,0%
Wilmington,$0.00,0%
Chicago,$0.00,0%
Nashville,$0.00,0%
Fresno-Visalia,$0.00,0%
Honolulu,$0.00,0%
Springfield- MO,$0.00,0%
Cleveland-Akron -Canton,$0.00,0%
Mobile-Pensacola -Ft Walt,$0.00,0%
Sioux Falls-Mitchell,$0.00,0%
Austin,$0.00,0%
Miami-Ft. Lauderdale,$0.00,0%
Spokane,$0.00,0%
Ft. Myers-Naples,$0.00,0%
Hartford & New Haven,$0.00,0%
Norfolk-Portsmth-Newpt Nws,$0.00,0%
Atlanta,$0.00,0%
Boston -Manchester,$0.00,0%