DMA,Est. Trips Destination,Attribution Rate,Avg. Length of Stay Destination,
Eureka,0,12.14%,1.3 days,$0.00
Billings,0,24.61%,2.7 days,$0.00
New York,0,45.95%,2.8 days,$0.00
Houston,0,13.67%,5.3 days,$0.00
Austin,0,6.67%,1.3 days,$0.00
Honolulu,0,6.95%,1.4 days,$0.00
Chicago,0,9.21%,1.3 days,$0.00
Atlanta,0,2.38%,13 days,$0.00
Reno,0,6.4%,1.4 days,$0.00
Madison,0,29.78%,5.7 days,$0.00
Denver,13,0.22%,2.6 days,"$6,931.47"
Spokane,0,5.79%,2.8 days,$0.00
Omaha,0,15.74%,7.4 days,$0.00
Dallas-Ft. Worth,0,12.14%,3.9 days,$0.00
Seattle-Tacoma,7,0.07%,2.8 days,"$4,493.37"
Philadelphia,0,11.75%,1.3 days,$0.00
Portland- OR,2,0.05%,3.5 days,"$1,049.26"
Ft. Myers-Naples,0,5.76%,1.4 days,$0.00
Yuma-El Centro,0,22.34%,3.3 days,$0.00
Monterey-Salinas,0,4.46%,10.6 days,$0.00
Salt Lake City,7,0.14%,3.7 days,"$1,591.31"
Nashville,0,8.93%,11.1 days,$0.00
Palm Springs,9,1.05%,2.3 days,"$1,598.58"
Kansas City,0,26.69%,1.4 days,$0.00
Jacksonville,0,34.81%,1.4 days,$0.00
Springfield- MO,0,6.95%,2.8 days,$0.00
Fresno-Visalia,0,1.06%,2 days,$0.00
Bakersfield,3,0.24%,2 days,"$1,149.66"
Wilmington,0,10.26%,4.2 days,$0.00
Montgomery-Selma,0,31.46%,2.5 days,$0.00
Rapid City,0,13.35%,1.4 days,$0.00
Las Vegas,13,0.15%,2.6 days,"$5,772.13"
Los Angeles,90,0.29%,2.1 days,"$20,258.10"
San Diego,50,0.23%,2 days,"$11,627.50"
Boston -Manchester,0,2.38%,2.9 days,$0.00
Wichita-Hutchinson Plus,0,11.07%,2.7 days,$0.00
Washington-DC -Hagrstwn,0,34.67%,1.4 days,$0.00
Miami-Ft. Lauderdale,0,6.67%,1.3 days,$0.00
Sacramnto-Stkton-Modesto,18,0.21%,2.9 days,"$12,085.38"
Medford-Klamath Falls,0,18.33%,1.4 days,$0.00
Phoenix -Prescott,38,0.28%,3.2 days,"$12,578.38"
Sioux Falls-Mitchell,0,6.75%,4.2 days,$0.00
Hartford & New Haven,0,5.26%,1.3 days,$0.00
Cleveland-Akron -Canton,0,6.95%,4.1 days,$0.00
Mobile-Pensacola -Ft Walt,0,6.76%,2 days,$0.00
Norfolk-Portsmth-Newpt Nws,0,4.4%,1.4 days,$0.00
San Francisco-Oak-San Jose,22,0.13%,3 days,"$7,668.76"
SantaBarbra-SanMar-SanLuob,7,0.46%,2.7 days,"$1,540.70"