Area,Polygon ID,Attribution Group,Trips,Share of Trips
City Council Districts,-17519258540 | -17519258541 | -17519258543 | -17519258559 | -17519258542,Ungrouped,308.13752564927563,100.00%
City,-17489811066,Destination,283.6344122332521,100.00%
External Locations,-17574332692 | -17519258538,Ungrouped,34.77152852341533,12.26%
Harbor,-17519258533,Ungrouped,34.288033505901694,12.09%
Beaches,-17519258536 | -17519258537 | -17519258535 | -17519258534,Ungrouped,23.842362473718822,8.41%
Hotels,-17519258515 | -17519258522 | -17519258523 | -17519258512 | -17519258527 | -17519258521 | -17519258511 | -17519258526,Hotels,20.726718120678715,7.31%
Lantern District,-17519258520,Ungrouped,19.61951438477263,6.92%
Resorts,-17519258531 | -17519258517 | -17519258516 | -17519258532,Resorts,15.746752977371216,5.55%
Dining,-17882125632 | -17882125623 | -17882125628 | -17882125596 | -17882125619 | -17882125634 | -17882746381 | -17882125605 | -17882125604 | -17882746380 | -17882125635 | -17882125624 | -17882125618 | -17882125644 | -17882125629 | -17882125642 | -17882125602 | -17882125633 | -17882125613 | -17882125622 | -17882125640 | -17882125611 | -17882125600 | -17882125626 | -17882125598 | -17882125617 | -17882125637 | -17882125606 | -17882125646 | -17882125595 | -17882125594 | -17882125599 | -17882125627 | -17882125607 | -17882125636 | -17882125641,Ungrouped,12.986837962642312,4.58%
Trails & Parks,-17519258552 | -17519258545 | -17780017359 | -17519258554 | -17519258549 | -17519258558 | -17519258544 | -17519258553 | -17519258560 | -17519258551 | -17519258546 | -17519258547 | -17519258550,Ungrouped,10.048413478769362,3.54%
Monarch Beach Golf Links,-17519258539,Ungrouped,6.087674587965012,2.15%