DMA,trips,visitor_days,avg_spend_per_visitor,avg_spend_per_day,est_impact,avg_length_of_stay,key,total_trips_[Destination],visitor_days_[Destination],avg_length_of_stay_[Destination],compare_to_overall_[Destination],est_impact_[Destination],correlation_group_[Destination],total_trips_[Hotels],visitor_days_[Hotels],avg_length_of_stay_[Hotels],compare_to_overall_[Hotels],est_impact_[Hotels],correlation_group_[Hotels]
Eureka,2,2,$100.00,$100.00,$200.00,1.3 Days,0,2,2,1.3 Days,-2.220446049250313e-16,$200.00,100%,2,3,1.3 Days,0,"$1,536.21",143%
Denver,1,2,$701.72,$405.70,$701.72,1.3 Days,1,1,2,1.3 Days,0,$701.72,100%,,,,,,
Seattle-Tacoma,2,2,$734.34,$369.60,"$1,468.68",1.3 Days,2,2,2,1.3 Days,0,"$1,468.68",100%,,,,,,
Portland- OR,1,2,$524.91,$291.02,$524.91,1.4 Days,3,1,2,1.4 Days,0,$524.91,100%,,,,,,
Salt Lake City,2,5,$446.89,$200.85,$893.78,2.7 Days,4,2,5,2.7 Days,0,$893.78,100%,,,,,,
Palm Springs,8,15,$271.45,$121.88,"$2,171.60",1.9 Days,5,8,15,1.9 Days,0,"$2,171.60",100%,,,,,,
Las Vegas,9,22,$439.88,$201.99,"$3,958.92",2.5 Days,6,9,22,2.5 Days,0,"$3,958.92",100%,7,22,2.9 Days,0.4038981650557254,"$11,265.53",84%
Los Angeles,48,105,$415.79,$248.25,"$19,957.92",2.2 Days,7,48,105,2.2 Days,0,"$19,957.92",100%,,,,,,
San Diego,24,60,$582.59,$472.83,"$13,982.16",2.5 Days,8,24,60,2.5 Days,0,"$13,982.16",100%,2,5,2.7 Days,0.21441345992623972,"$2,560.35",8%
Sacramnto-Stkton-Modesto,14,35,$676.15,$335.04,"$9,466.10",2.5 Days,9,14,35,2.5 Days,0,"$9,466.10",100%,,,,,,
Phoenix -Prescott,22,120,$421.98,$175.36,"$9,283.56",5.5 Days,10,22,120,5.5 Days,0,"$9,283.56",100%,3,8,2.9 Days,-2.5943957258000823,"$4,096.56",12%
Tampa-St. Pete -Sarasota,2,4,$379.00,$185.48,$758.00,2.6 Days,11,2,4,2.6 Days,0,$758.00,100%,,,,,,
San Francisco-Oak-San Jose,9,24,$412.64,$209.33,"$3,713.76",2.6 Days,12,9,24,2.6 Days,0,"$3,713.76",100%,,,,,,
SantaBarbra-SanMar-SanLuob,14,29,$248.89,$104.79,"$3,484.46",2.1 Days,13,14,29,2.1 Days,0,"$3,484.46",100%,,,,,,