market,avg_spend_per_visitor,avg_spend_per_day,visitorDays,trips,estImpact,shareOfImpact,shareOfSpendPerVisitor,shareOfSpendPerDay,shareOfVisitorDays,shareOfTrips,sortMetric,originalRank
Los Angeles,100,100,105.3652295433679,48.05434868977717,4800,0.3057324840764331,0.006365261555403971,0.002332005327777067,0.24571227665758757,0.30587849828501584,48.05434868977717,0
San Diego,100,100,60.093193320002165,23.771871062389728,2400,0.15286624203821655,0.006365261555403971,0.002332005327777067,0.1401376469853823,0.15131417697344948,23.771871062389728,1
Phoenix -Prescott,100,100,119.99222324031537,21.842721992173374,2200,0.14012738853503184,0.006365261555403971,0.002332005327777067,0.27982250388823066,0.13903463856215803,21.842721992173374,2
Sacramnto-Stkton-Modesto,100,100,35.342323163651294,13.98155868213582,1400,0.08917197452229299,0.006365261555403971,0.002332005327777067,0.08241848591365367,0.08899627796402375,13.98155868213582,3
SantaBarbra-SanMar-SanLuob,100,100,28.739194868571516,13.801604379693636,1400,0.08917197452229299,0.006365261555403971,0.002332005327777067,0.06701995554953212,0.08785082176095897,13.801604379693636,4
San Francisco-Oak-San Jose,100,100,24.08574710917329,9.116648308500729,900,0.05732484076433121,0.006365261555403971,0.002332005327777067,0.056168090582083205,0.058029850992238334,9.116648308500729,5
Las Vegas,100,100,22.319822894999433,8.772103432666169,900,0.05732484076433121,0.006365261555403971,0.002332005327777067,0.05204994590617924,0.05583673273997718,8.772103432666169,6
Palm Springs,100,100,15.424669128792324,8.049655431021723,800,0.050955414012738856,0.006365261555403971,0.002332005327777067,0.035970410587542155,0.05123816224933136,8.049655431021723,7
Seattle-Tacoma,100,100,2.450751953241686,1.847355057130766,200,0.012738853503184714,0.006365261555403971,0.002332005327777067,0.005715166612019666,0.011758898124335572,1.847355057130766,8
Salt Lake City,100,100,4.825588582553597,1.761837546516104,200,0.012738853503184714,0.006365261555403971,0.002332005327777067,0.011253298284175175,0.011214556801706212,1.761837546516104,9
Tampa-St. Pete -Sarasota,100,100,4.439075218989996,1.6870096510727117,200,0.012738853503184714,0.006365261555403971,0.002332005327777067,0.01035194706108782,0.0107382576755686,1.6870096510727117,10
Eureka,100,100,2.018930334557089,1.5926095354299634,200,0.012738853503184714,0.006365261555403971,0.002332005327777067,0.004708156296597868,0.010137376248642124,1.5926095354299634,11
Denver,100,100,1.8414150881668623,1.4525787135406605,100,0.006369426751592357,0.006365261555403971,0.002332005327777067,0.004294189796254201,0.009246043441498524,1.4525787135406605,12
Portland- OR,100,100,1.877322417546806,1.3708326209608481,100,0.006369426751592357,0.006365261555403971,0.002332005327777067,0.004377925879674475,0.00872570818109575,1.3708326209608481,13