Date,Est. Visitor Days
2025-01-01,361
2025-01-02,317
2025-01-03,582
2025-01-04,"1,065"
2025-01-05,838
2025-01-06,458
2025-01-07,436
2025-01-08,601
2025-01-09,462
2025-01-10,407
2025-01-11,854
2025-01-12,675
2025-01-13,318
2025-01-14,427
2025-01-15,837
2025-01-16,398
2025-01-17,520
2025-01-18,653
2025-01-19,580
2025-01-20,317
2025-01-21,260
2025-01-22,434
2025-01-23,337
2025-01-24,362
2025-01-25,321
2025-01-26,437
2025-01-27,235
2025-01-28,276
2025-01-29,389
2025-01-30,297
2025-01-31,377
2025-02-01,655
2025-02-02,946
2025-02-03,601
2025-02-04,339
2025-02-05,422
2025-02-06,412
2025-02-07,526
2025-02-08,921
2025-02-09,684
2025-02-10,399
2025-02-11,368
2025-02-12,479
2025-02-13,451
2025-02-14,438
2025-02-15,550
2025-02-16,407
2025-02-17,237
2025-02-18,248
2025-02-19,292
2025-02-20,299
2025-02-21,"1,189"
2025-02-22,"1,807"
2025-02-23,"1,687"
2025-02-24,305
2025-02-25,324
2025-02-26,367
2025-02-27,430
2025-02-28,"1,402"
2025-03-01,"1,525"
2025-03-02,645
2025-03-03,495
2025-03-04,360
2025-03-05,385
2025-03-06,517
2025-03-07,390
2025-03-08,"1,176"
2025-03-09,"1,030"
2025-03-10,713
2025-03-11,780
2025-03-12,692
2025-03-13,548
2025-03-14,724
2025-03-15,"1,963"
2025-03-16,"1,502"
2025-03-17,868
2025-03-18,"1,012"
2025-03-19,"1,100"
2025-03-20,"1,091"
2025-03-21,946
2025-03-22,"2,042"
2025-03-23,"1,560"
2025-03-24,877
2025-03-25,"1,053"
2025-03-26,"1,030"
2025-03-27,"1,394"
2025-03-28,"1,583"
2025-03-29,"2,578"
2025-03-30,"1,428"
2025-03-31,"1,260"
2025-04-01,675
2025-04-02,653
2025-04-03,706
2025-04-04,670
2025-04-05,"1,340"
2025-04-06,"1,667"
2025-04-07,"1,437"
2025-04-08,950
2025-04-09,"1,248"
2025-04-10,"1,222"
2025-04-11,"1,425"
2025-04-12,"2,283"
2025-04-13,"2,131"
2025-04-14,"1,142"
2025-04-15,"1,570"
2025-04-16,"1,338"
2025-04-17,"1,139"
2025-04-18,"1,373"
2025-04-19,"1,420"
2025-04-20,976
2025-04-21,593
2025-04-22,"1,115"
2025-04-23,"1,025"
2025-04-24,992
2025-04-25,758
2025-04-26,"1,590"
2025-04-27,"1,313"
2025-04-28,"1,006"
2025-04-29,"1,011"
2025-04-30,808
2025-05-01,"1,120"
2025-05-02,778
2025-05-03,"1,495"
2025-05-04,"1,015"
2025-05-05,724
2025-05-06,644
2025-05-07,593
2025-05-08,557
2025-05-09,786
2025-05-10,"1,578"
2025-05-11,"1,231"
2025-05-12,854
2025-05-13,463
2025-05-14,849
2025-05-15,887
2025-05-16,"1,293"
2025-05-17,"2,405"
2025-05-18,"1,447"
2025-05-19,806
2025-05-20,869
2025-05-21,786
2025-05-22,"1,020"
2025-05-23,"1,254"
2025-05-24,"1,427"
2025-05-25,"1,110"
2025-05-26,"1,312"
2025-05-27,"1,229"
2025-05-28,983
2025-05-29,781
2025-05-30,"1,088"
2025-05-31,"2,023"
2025-06-01,"2,183"
2025-06-02,"1,509"
2025-06-03,"1,208"
2025-06-04,"1,256"
2025-06-05,"1,261"
2025-06-06,"1,418"
2025-06-07,"2,738"
2025-06-08,"2,184"
2025-06-09,"1,368"
2025-06-10,"1,556"
2025-06-11,"1,705"
2025-06-12,"1,636"
2025-06-13,"2,192"
2025-06-14,"3,204"
2025-06-15,"3,380"
2025-06-16,"2,238"
2025-06-17,"2,129"
2025-06-18,"2,000"
2025-06-19,"2,405"
2025-06-20,"4,135"
2025-06-21,"4,530"
2025-06-22,"3,576"
2025-06-23,"2,453"
2025-06-24,"2,177"
2025-06-25,"2,682"
2025-06-26,"2,703"
2025-06-27,"3,320"
2025-06-28,"3,426"
2025-06-29,"3,315"
2025-06-30,"2,498"
2025-07-01,"1,939"
2025-07-02,"1,653"
2025-07-03,"1,984"
2025-07-04,"2,499"
2025-07-05,"3,432"
2025-07-06,"2,809"
2025-07-07,"2,183"
2025-07-08,"1,901"
2025-07-09,"2,141"
2025-07-10,"2,084"
2025-07-11,"4,325"
2025-07-12,"5,037"
2025-07-13,"4,836"
2025-07-14,"3,837"
2025-07-15,"3,134"
2025-07-16,"3,053"
2025-07-17,"4,927"
2025-07-18,"4,634"
2025-07-19,"3,878"
2025-07-20,"3,665"
2025-07-21,"3,161"
2025-07-22,"2,071"
2025-07-23,"1,956"
2025-07-24,"3,120"
2025-07-25,"4,012"
2025-07-26,"2,926"
2025-07-27,"2,550"
2025-07-28,"2,385"
2025-07-29,"1,564"
2025-07-30,"1,444"
2025-07-31,"1,950"
2025-08-01,"2,793"
2025-08-02,"5,127"
2025-08-03,"6,010"
2025-08-04,"5,329"
2025-08-05,"2,115"
2025-08-06,"1,637"
2025-08-07,"2,466"
2025-08-08,"1,825"
2025-08-09,"3,165"
2025-08-10,"2,590"
2025-08-11,"2,241"
2025-08-12,"1,524"
2025-08-13,"1,442"
2025-08-14,"1,966"
2025-08-15,"2,002"
2025-08-16,"1,897"
2025-08-17,"1,270"
2025-08-18,902
2025-08-19,615
2025-08-20,960
2025-08-21,"1,475"
2025-08-22,"3,840"
2025-08-23,"4,400"
2025-08-24,"3,079"
2025-08-25,"1,332"
2025-08-26,789
2025-08-27,"1,156"
2025-08-28,"1,438"
2025-08-29,"3,377"
2025-08-30,"4,360"
2025-08-31,"2,010"
2025-09-01,979
2025-09-02,685
2025-09-03,728
2025-09-04,927
2025-09-05,"2,069"
2025-09-06,"3,094"
2025-09-07,"1,772"
2025-09-08,964
2025-09-09,797
2025-09-10,818
2025-09-11,944
2025-09-12,"2,336"
2025-09-13,"3,967"
2025-09-14,"2,887"
2025-09-15,"1,515"
2025-09-16,"1,709"
2025-09-17,"2,112"
2025-09-18,"2,682"
2025-09-19,"2,889"
2025-09-20,"3,973"
2025-09-21,"2,967"
2025-09-22,"1,538"
2025-09-23,"1,191"
2025-09-24,"1,713"
2025-09-25,"1,976"
2025-09-26,"3,426"
2025-09-27,"4,867"
2025-09-28,"3,168"
2025-09-29,"1,994"
2025-09-30,"1,654"
2025-10-01,"2,063"
2025-10-02,"2,216"
2025-10-03,"2,607"
2025-10-04,"3,957"
2025-10-05,"2,789"
2025-10-06,"1,567"
2025-10-07,"1,665"
2025-10-08,"2,001"
2025-10-09,"1,964"
2025-10-10,"2,920"
2025-10-11,"3,949"
2025-10-12,"1,871"
2025-10-13,"1,128"
2025-10-14,"1,103"
2025-10-15,"1,173"
2025-10-16,"1,365"
2025-10-17,"1,306"
2025-10-18,"1,642"
2025-10-19,"1,275"
2025-10-20,835
2025-10-21,913
2025-10-22,533
2025-10-23,620
2025-10-24,971
2025-10-25,"1,270"
2025-10-26,"1,264"
2025-10-27,"1,053"
2025-10-28,980
2025-10-29,893
2025-10-30,912
2025-10-31,"1,151"
2025-11-01,"1,373"
2025-11-02,"1,089"
2025-11-03,665
2025-11-04,563
2025-11-05,570
2025-11-06,663
2025-11-07,732
2025-11-08,"1,095"
2025-11-09,676
2025-11-10,696
2025-11-11,750
2025-11-12,808
2025-11-13,759
2025-11-14,782
2025-11-15,"1,370"
2025-11-16,957
2025-11-17,538
2025-11-18,846
2025-11-19,760
2025-11-20,556
2025-11-21,876
2025-11-22,"1,218"
2025-11-23,736
2025-11-24,902
2025-11-25,"1,006"
2025-11-26,888
2025-11-27,734
2025-11-28,948
2025-11-29,"1,108"
2025-11-30,"1,181"
2025-12-01,825
2025-12-02,575
2025-12-03,547
2025-12-04,630
2025-12-05,598
2025-12-06,884
2025-12-07,591
2025-12-08,515
2025-12-09,429
2025-12-10,610
2025-12-11,425
2025-12-12,516
2025-12-13,"1,078"
2025-12-14,961
2025-12-15,707
2025-12-16,714
2025-12-17,622
2025-12-18,633
2025-12-19,990
2025-12-20,"1,168"
2025-12-21,"1,259"
2025-12-22,780
2025-12-23,486
2025-12-24,419
2025-12-25,476
2025-12-26,646
2025-12-27,"1,194"
2025-12-28,"1,481"
2025-12-29,903
2025-12-30,776
2025-12-31,748
2026-01-01,444
2026-01-02,702
2026-01-03,"1,336"
2026-01-04,836
2026-01-05,579
2026-01-06,470
2026-01-07,489
2026-01-08,534
2026-01-09,544
2026-01-10,888
2026-01-11,490
2026-01-12,371
2026-01-13,408
2026-01-14,469
2026-01-15,387
2026-01-16,521
2026-01-17,917
2026-01-18,617
2026-01-19,397
2026-01-20,272
2026-01-21,369
2026-01-22,330
2026-01-23,406
2026-01-24,577
2026-01-25,399
2026-01-26,296
2026-01-27,221
2026-01-28,394
2026-01-29,226
2026-01-30,357
2026-01-31,883
2026-02-01,593
2026-02-02,441
2026-02-03,335
2026-02-04,399
2026-02-05,297
2026-02-06,560
2026-02-07,960
2026-02-08,645
2026-02-09,268
2026-02-10,270
2026-02-11,385
2026-02-12,305
2026-02-13,301
2026-02-14,889
2026-02-15,517
2026-02-16,385
2026-02-17,342
2026-02-18,363
2026-02-19,375
2026-02-20,"1,248"
2026-02-21,"1,727"
2026-02-22,"1,386"
2026-02-23,745
2026-02-24,451
2026-02-25,428
2026-02-26,445
2026-02-27,"1,606"
2026-02-28,"1,774"
2026-03-01,874
2026-03-02,584
2026-03-03,338
2026-03-04,323
2026-03-05,356
2026-03-06,662
2026-03-07,668
2026-03-08,742
2026-03-09,492
2026-03-10,637
2026-03-11,693
2026-03-12,621
2026-03-13,864
2026-03-14,"1,413"
2026-03-15,"1,408"
2026-03-16,795
2026-03-17,975
2026-03-18,837
2026-03-19,949
2026-03-20,"1,472"
2026-03-21,991
2026-03-22,"1,547"
2026-03-23,969
2026-03-24,"1,036"
2026-03-25,994
2026-03-26,"1,308"
2026-03-27,"2,548"
2026-03-28,"2,442"
2026-03-29,"2,473"
2026-03-30,"1,086"
2026-03-31,"1,067"
2026-04-01,"1,151"
2026-04-02,"1,279"
2026-04-03,"1,859"
2026-04-04,"2,443"
2026-04-05,"1,476"
2026-04-06,"1,080"
2026-04-07,"1,043"
2026-04-08,"1,011"
2026-04-09,"1,302"
2026-04-10,"1,866"
2026-04-11,"2,040"
2026-04-12,"1,742"
2026-04-13,"1,107"
2026-04-14,618
2026-04-15,819
2026-04-16,"1,247"
2026-04-17,"1,524"
2026-04-18,"1,903"
2026-04-19,"1,867"
2026-04-20,"1,351"
2026-04-21,"1,149"
2026-04-22,885
2026-04-23,993
2026-04-24,"1,905"
2026-04-25,"2,106"
2026-04-26,"1,561"
2026-04-27,784
2026-04-28,733
2026-04-29,722
2026-04-30,701
2026-05-01,"1,054"
2026-05-02,"1,350"
2026-05-03,"1,136"
2026-05-04,797
2026-05-05,622
2026-05-06,694
2026-05-07,737
2026-05-08,768
2026-05-09,"1,572"
2026-05-10,"1,130"
2026-05-11,769
2026-05-12,684
2026-05-13,"1,002"
2026-05-14,"1,144"
2026-05-15,932
2026-05-16,"1,431"
2026-05-17,"1,351"
2026-05-18,"1,069"
2026-05-19,952
2026-05-20,830
2026-05-21,"1,387"
2026-05-22,"1,304"
2026-05-23,"1,932"
2026-05-24,"1,899"
2026-05-25,980
2026-05-26,894
2026-05-27,"1,217"
2026-05-28,"1,084"
2026-05-29,"1,624"
2026-05-30,"2,678"
2026-05-31,"2,131"
2026-06-01,"1,309"
2026-06-02,"1,026"
2026-06-03,"1,307"
2026-06-04,"1,037"
2026-06-05,"1,950"
2026-06-06,"3,208"
2026-06-07,"2,811"
2026-06-08,"1,716"
2026-06-09,"1,159"
2026-06-10,793
2026-06-11,"1,301"
2026-06-12,"1,923"
2026-06-13,"3,627"
2026-06-14,"4,202"
2026-06-15,"1,969"
2026-06-16,"1,374"
2026-06-17,"1,542"
2026-06-18,"1,578"
2026-06-19,"3,789"
2026-06-20,"4,939"
2026-06-21,"5,406"
2026-06-22,"3,019"
2026-06-23,"1,804"
2026-06-24,"2,151"
2026-06-25,"1,707"
2026-06-26,"2,883"
2026-06-27,"4,942"
2026-06-28,"5,381"
2026-06-29,"2,141"
2026-06-30,"1,077"
2026-07-01,"1,041"
2026-07-02,915
2026-07-03,"1,406"
2026-07-04,"4,746"
2026-07-05,"6,672"
2026-07-06,"3,798"
2026-07-07,"1,873"
2026-07-08,"1,428"
2026-07-09,"1,426"
2026-07-10,"3,122"
2026-07-11,"4,489"
2026-07-12,"6,956"
2026-07-13,"4,174"
2026-07-14,"1,859"
2026-07-15,"3,319"
2026-07-16,"2,697"
2026-07-17,"4,030"
2026-07-18,"4,537"
2026-07-19,"6,240"
2026-07-20,"2,764"
2026-07-21,"1,342"
2026-07-22,"1,985"
2026-07-23,"1,720"
2026-07-24,"3,240"
2026-07-25,"5,094"
2026-07-26,"5,477"
2026-07-27,"2,620"
2026-07-28,"1,064"
2026-07-29,"1,477"
2026-07-30,"2,099"
2026-07-31,"2,272"
2026-08-01,"7,052"
2026-08-02,"5,356"
2026-08-03,"2,751"
2026-08-04,"1,922"
2026-08-05,"1,666"
2026-08-06,"2,133"
2026-08-07,"3,417"
2026-08-08,"4,677"
2026-08-09,"4,614"
2026-08-10,"2,310"
2026-08-11,"1,672"
2026-08-12,"1,894"
2026-08-13,"1,393"
2026-08-14,"2,196"
2026-08-15,"3,807"
2026-08-16,"4,979"
2026-08-17,"2,214"
2026-08-18,"1,020"
2026-08-19,"1,022"
2026-08-20,"1,124"
2026-08-21,"1,573"
2026-08-22,"2,040"
2026-08-23,"3,274"
2026-08-24,"1,689"
2026-08-25,"1,249"
2026-08-26,801
2026-08-27,"1,346"
2026-08-28,"1,773"
2026-08-29,"2,677"
2026-08-30,"2,924"
2026-08-31,"1,147"
2026-09-01,676
2026-09-02,"1,159"
2026-09-03,"1,123"
2026-09-04,"1,272"
2026-09-05,"2,986"
2026-09-06,"2,461"
2026-09-07,"1,417"
2026-09-08,611
2026-09-09,939
2026-09-10,"1,139"
2026-09-11,"1,473"
2026-09-12,"3,272"
2026-09-13,0
2026-09-14,0
2026-09-15,0
2026-09-16,0
2026-09-17,0
2026-09-18,0
2026-09-19,0
2026-09-20,0
2026-09-21,0
2026-09-22,0
2026-09-23,0
2026-09-24,0
2026-09-25,0
2026-09-26,0
2026-09-27,0
2026-09-28,0
2026-09-29,0
2026-09-30,0
2026-10-01,0
2026-10-02,0
2026-10-03,0
2026-10-04,0
2026-10-05,0
2026-10-06,0
2026-10-07,0
2026-10-08,0
2026-10-09,0
2026-10-10,0
2026-10-11,0
2026-10-12,0
2026-10-13,0
2026-10-14,0
2026-10-15,0
2026-10-16,0
2026-10-17,0
2026-10-18,0
2026-10-19,0
2026-10-20,0
2026-10-21,0
2026-10-22,0
2026-10-23,0
2026-10-24,0
2026-10-25,0
2026-10-26,0
2026-10-27,0
2026-10-28,0
2026-10-29,0
2026-10-30,0
2026-10-31,0
2026-11-01,0
2026-11-02,0
2026-11-03,0
2026-11-04,0
2026-11-05,0
2026-11-06,0
2026-11-07,0
2026-11-08,0
2026-11-09,0
2026-11-10,0
2026-11-11,0
2026-11-12,0
2026-11-13,0
2026-11-14,0
2026-11-15,0
2026-11-16,0
2026-11-17,0
2026-11-18,0
2026-11-19,0
2026-11-20,0
2026-11-21,0
2026-11-22,0
2026-11-23,0
2026-11-24,0
2026-11-25,0
2026-11-26,0
2026-11-27,0
2026-11-28,0
2026-11-29,0
2026-11-30,0
2026-12-01,0
2026-12-02,0
2026-12-03,0
2026-12-04,0
2026-12-05,0
2026-12-06,0
2026-12-07,0
2026-12-08,0
2026-12-09,0
2026-12-10,0
2026-12-11,0
2026-12-12,0
2026-12-13,0
2026-12-14,0
2026-12-15,0
2026-12-16,0
2026-12-17,0
2026-12-18,0
2026-12-19,0
2026-12-20,0
2026-12-21,0
2026-12-22,0
2026-12-23,0
2026-12-24,0
2026-12-25,0
2026-12-26,0
2026-12-27,0
2026-12-28,0
2026-12-29,0
2026-12-30,0
2026-12-31,0