DMA,Share of Spend %,Change in Share vs Compare Dates
Los Angeles,0.19433518658100482,0
San Diego,0.08177546459417394,0
San Francisco-Oak-San Jose,0.07084895408037115,0
Phoenix -Prescott,0.061168311004086796,0
Las Vegas,0.04152503309179498,0
New York,0.039198876996110764,0
Dallas-Ft. Worth,0.036391735763664355,0
Salt Lake City,0.031391994661346616,0
Sacramnto-Stkton-Modesto,0.031214979278807554,0
Denver,0.025895384918602615,0
Seattle-Tacoma,0.021515190023999133,0
Palm Springs,0.016814303801990227,0
Portland- OR,0.016192404109942143,0
Houston,0.014608569615486603,0
Chicago,0.013452806787316435,0
Fresno-Visalia,0.01242013651719487,0
Washington-DC -Hagrstwn,0.01183660439742311,0
Atlanta,0.011214155062295873,0
Boston -Manchester,0.011162967974116048,0
Philadelphia,0.010805378384478247,0
SantaBarbra-SanMar-SanLuob,0.010511242799977397,0
Minneapolis-St. Paul,0.010349947299643922,0
Miami-Ft. Lauderdale,0.009712476087364091,0
Reno,0.009419355595276652,0
West Palm Beach-Ft. Pierce,0.00879870306004159,0
Austin,0.008414403942182593,0
Tampa-St. Pete -Sarasota,0.008037396080242202,0
Bakersfield,0.007763377732036494,0
Monterey-Salinas,0.007478152306427708,0
Tucson -Sierra Vista,0.007392274745205247,0
Nashville,0.007161630687112154,0
Boise,0.006491146616559597,0
Hartford & New Haven,0.0061450989070112195,0
Baltimore,0.0056827833545584,0
Honolulu,0.005190901302568633,0
Orlando-Daytona Bch-Melbrn,0.005089264500409788,0
Spokane,0.0049439918492385744,0
Raleigh-Durham -Fayetvlle,0.004928043025673164,0
Detroit,0.004869942373808819,0
Charlotte,0.004719424600152771,0
Cincinnati,0.004224817619295929,0
Medford-Klamath Falls,0.00419005855769104,0
Albuquerque-Santa Fe,0.003842278312580492,0
Ft. Myers-Naples,0.0036953304070555257,0
Chico-Redding,0.0035942885924764175,0
Colorado Springs-Pueblo,0.003404688555506146,0
Kansas City,0.0030331978638297834,0
Indianapolis,0.002786935525655806,0
Bend- OR,0.002736852196405875,0
El Paso -Las Cruces,0.0026394718557707004,0
San Antonio,0.002517305332019852,0
Milwaukee,0.002493441177224527,0
Des Moines-Ames,0.00244669702395397,0
Oklahoma City,0.00240858730427395,0
Cleveland-Akron -Canton,0.0022621933573252354,0
Louisville,0.002210523173148383,0
Omaha,0.002180508144293009,0
Pittsburgh,0.0021469655319488095,0
Cedar Rapids-Wtrlo-Iwc&Dub,0.0019803912924218317,0
Norfolk-Portsmth-Newpt Nws,0.0019470878463926549,0
Jacksonville,0.001941142840467681,0
Eugene,0.0018451026584298037,0
Providence-New Bedford,0.0018379252885411832,0
Columbus- OH,0.0017535358213658918,0
Missoula,0.0016813224598047612,0
Ft. Smith-Fay-Sprngdl-Rgrs,0.0016592776207376898,0
Harrisburg-Lncstr-Leb-York,0.0016419926602443515,0
Greenvll-Spart-Ashevll-And,0.0015484275713409557,0
Buffalo,0.0015248267870508303,0
Grand Rapids-Kalmzoo-B.Crk,0.0013305486151789121,0
New Orleans,0.0013259527580835734,0
Rochester- NY,0.0013220889028422859,0
Tulsa,0.0012511160935800352,0
Greensboro-H.Point-W.Salem,0.0012374206069572134,0
Memphis,0.0012266939174719596,0
Idaho Falls-Pocatllo-Jcksn,0.001166634471466433,0
Waco-Temple-Bryan,0.001138722054820418,0
Yuma-El Centro,0.001111699193896597,0
Greenville-N.Bern-Washngtn,0.0011088972527061812,0
Savannah,0.0011021195635465392,0
Madison,0.0010798096361430217,0
Richmond-Petersburg,0.0010756760391390147,0
Sherman-Ada,0.0010667653169713252,0
Albany-Schenectady-Troy,0.001061517315392617,0
Eureka,0.0009724507041355224,0
Ft. Wayne,0.000970015948203472,0
Springfield- MO,0.0009398032624840674,0
Huntsville-Decatur -Flor,0.0009244449782467378,0
Salisbury,0.0009151702310364741,0
Twin Falls,0.0009089744584033962,0
Wilkes Barre-Scranton-Hztn,0.0008932231989718566,0
Birmingham -Ann and Tusc,0.0008918028391246982,0
Knoxville,0.0008351552997644098,0
Peoria-Bloomington,0.0008116314330226176,0
Mobile-Pensacola -Ft Walt,0.0008097300348005297,0
Charleston- SC,0.0007923592669554513,0
Grand Junction-Montrose,0.0007811031329430295,0
Columbia- SC,0.000667776579895108,0
Dayton,0.0006317439509741452,0
Chattanooga,0.000605785055891927,0