Day,Month,Compared to Max Visitor Days Value
Sunday,Jan,37%
Sunday,Feb,38%
Sunday,Mar,55%
Sunday,Apr,53%
Sunday,May,57%
Sunday,Jun,92%
Sunday,Jul,100%
Sunday,Aug,83%
Sunday,Sep,57%
Sunday,Oct,52%
Sunday,Nov,44%
Sunday,Dec,60%
Saturday,Jan,43%
Saturday,Feb,49%
Saturday,Mar,60%
Saturday,Apr,59%
Saturday,May,64%
Saturday,Jun,95%
Saturday,Jul,98%
Saturday,Aug,85%
Saturday,Sep,67%
Saturday,Oct,51%
Saturday,Nov,49%
Saturday,Dec,64%
Friday,Jan,33%
Friday,Feb,39%
Friday,Mar,48%
Friday,Apr,47%
Friday,May,47%
Friday,Jun,75%
Friday,Jul,86%
Friday,Aug,64%
Friday,Sep,49%
Friday,Oct,41%
Friday,Nov,40%
Friday,Dec,47%
Thursday,Jan,31%
Thursday,Feb,29%
Thursday,Mar,40%
Thursday,Apr,39%
Thursday,May,38%
Thursday,Jun,58%
Thursday,Jul,70%
Thursday,Aug,56%
Thursday,Sep,42%
Thursday,Oct,37%
Thursday,Nov,34%
Thursday,Dec,35%
Wednesday,Jan,30%
Wednesday,Feb,27%
Wednesday,Mar,37%
Wednesday,Apr,39%
Wednesday,May,39%
Wednesday,Jun,55%
Wednesday,Jul,65%
Wednesday,Aug,51%
Wednesday,Sep,37%
Wednesday,Oct,35%
Wednesday,Nov,33%
Wednesday,Dec,38%
Tuesday,Jan,28%
Tuesday,Feb,25%
Tuesday,Mar,37%
Tuesday,Apr,40%
Tuesday,May,37%
Tuesday,Jun,55%
Tuesday,Jul,71%
Tuesday,Aug,55%
Tuesday,Sep,38%
Tuesday,Oct,36%
Tuesday,Nov,33%
Tuesday,Dec,37%
Monday,Jan,29%
Monday,Feb,27%
Monday,Mar,40%
Monday,Apr,41%
Monday,May,39%
Monday,Jun,59%
Monday,Jul,83%
Monday,Aug,64%
Monday,Sep,43%
Monday,Oct,40%
Monday,Nov,35%
Monday,Dec,42%