DMA,Share of Trips
Los Angeles,24.30%
San Diego,10.49%
Phoenix -Prescott,6.95%
San Francisco-Oak-San Jose,4.56%
Las Vegas,3.82%
Sacramnto-Stkton-Modesto,2.70%
Dallas-Ft. Worth,2.52%
Salt Lake City,2.38%
New York,2.35%
Denver,2.19%
Palm Springs,1.94%
Seattle-Tacoma,1.66%
SantaBarbra-SanMar-SanLuob,1.62%
Chicago,1.54%
Houston,1.28%
Fresno-Visalia,1.09%
Atlanta,0.94%
Portland- OR,0.92%
Washington-DC -Hagrstwn,0.88%
Bakersfield,0.87%
Austin,0.78%
Tucson -Sierra Vista,0.76%
Minneapolis-St. Paul,0.74%
Philadelphia,0.73%
Boston -Manchester,0.68%
Detroit,0.60%
Miami-Ft. Lauderdale,0.59%
Reno,0.56%
Boise,0.56%
Kansas City,0.55%
Nashville,0.54%
Honolulu,0.54%
Orlando-Daytona Bch-Melbrn,0.48%
St. Louis,0.44%
Tampa-St. Pete -Sarasota,0.43%
Charlotte,0.41%
Monterey-Salinas,0.40%
San Antonio,0.40%
Spokane,0.39%
Albuquerque-Santa Fe,0.38%
Oklahoma City,0.37%
Indianapolis,0.34%
Colorado Springs-Pueblo,0.32%
Raleigh-Durham -Fayetvlle,0.32%
Cleveland-Akron -Canton,0.31%
West Palm Beach-Ft. Pierce,0.30%
Baltimore,0.28%
Columbus- OH,0.27%
Chico-Redding,0.27%
Eugene,0.27%
Yuma-El Centro,0.25%
Cincinnati,0.23%
Milwaukee,0.22%
Birmingham -Ann and Tusc,0.22%
Waco-Temple-Bryan,0.22%
Tulsa,0.20%
Jacksonville,0.20%
Hartford & New Haven,0.19%
Pittsburgh,0.19%
Memphis,0.18%
Little Rock-Pine Bluff,0.17%
El Paso -Las Cruces,0.17%
Omaha,0.16%
Greenvll-Spart-Ashevll-And,0.16%
New Orleans,0.16%
Grand Rapids-Kalmzoo-B.Crk,0.16%
Ft. Myers-Naples,0.16%
Louisville,0.15%
Medford-Klamath Falls,0.15%
Knoxville,0.14%
Des Moines-Ames,0.14%
Ft. Smith-Fay-Sprngdl-Rgrs,0.14%
Norfolk-Portsmth-Newpt Nws,0.14%
Springfield- MO,0.13%
Idaho Falls-Pocatllo-Jcksn,0.13%
Providence-New Bedford,0.12%
Lincoln & Hastings-Krny,0.12%
Madison,0.11%
Wichita-Hutchinson Plus,0.11%
Harrisburg-Lncstr-Leb-York,0.11%
Bend- OR,0.11%
Chattanooga,0.10%
Charleston- SC,0.10%
Dayton,0.10%
Mobile-Pensacola -Ft Walt,0.10%
Missoula,0.10%
Lexington,0.10%
Yakima-Pasco-Rchlnd-Knnwck,0.10%
Richmond-Petersburg,0.10%
Butte-Bozeman,0.09%
Cedar Rapids-Wtrlo-Iwc&Dub,0.09%
Columbia- SC,0.09%
Green Bay-Appleton,0.09%
Buffalo,0.09%
Savannah,0.09%
Amarillo,0.09%
Rochester- NY,0.08%
Greensboro-H.Point-W.Salem,0.08%
Champaign&Sprngfld-Decatur,0.08%
Grand Junction-Montrose,0.08%
Baton Rouge,0.08%
Greenville-N.Bern-Washngtn,0.08%
Syracuse,0.08%
Tyler-Longview-Lfkn&Ncgd,0.08%
Albany-Schenectady-Troy,0.08%
Portland-Auburn,0.07%
Flint-Saginaw-Bay City,0.07%
Toledo,0.07%
South Bend-Elkhart,0.07%
Lansing,0.07%
Roanoke-Lynchburg,0.07%
Eureka,0.07%
Huntsville-Decatur -Flor,0.06%
Shreveport,0.06%
Lafayette- LA,0.06%
Fargo-Valley City,0.06%
Wilkes Barre-Scranton-Hztn,0.06%
Peoria-Bloomington,0.06%
Lubbock,0.06%
Sioux Falls-Mitchell,0.06%
Columbus-GA -Opelika- AL,0.06%
Columbia-Jefferson City,0.06%
Tri-Cities- TN-VA,0.06%
Topeka,0.06%
Twin Falls,0.06%
Jackson- MS,0.06%
Billings,0.05%
Paducah-Cape Girard-Harsbg,0.05%
Davenport-R.Island-Moline,0.05%
Anchorage,0.05%
Traverse City-Cadillac,0.05%
Odessa-Midland,0.05%
Evansville,0.05%
Harlingen-Wslco-Brnsvl-Mca,0.05%
Burlington-Plattsburgh,0.05%
Rapid City,0.05%
Corpus Christi,0.05%
Panama City,0.05%
Charleston-Huntington,0.05%
Myrtle Beach-Florence,0.04%
Macon,0.04%
Ft. Wayne,0.04%
Wilmington,0.04%
Tallahassee-Thomasville,0.04%
Rochestr-Mason City-Austin,0.04%
Minot-Bsmrck-Dcknsn-Wlstn,0.04%
Sioux city,0.04%
Augusta-Aiken,0.04%
Montgomery-Selma,0.04%
Abilene-Sweetwater,0.04%
Wichita Falls & Lawton,0.04%
Sherman-Ada,0.04%
La Crosse-Eau Claire,0.04%
Lafayette- IN,0.04%
Charlottesville,0.04%
Youngstown,0.04%
Salisbury,0.04%
Beaumont-Port Arthur,0.04%
Rockford,0.04%
Springfield-Holyoke,0.04%
Joplin-Pittsburg,0.04%
Johnstown-Altoona-St Colge,0.03%
Columbus-Tupelo-W Pnt-Hstn,0.03%
Biloxi-Gulfport,0.03%
Cheyenne-Scottsbluff,0.03%
Gainesville,0.03%
Hattiesburg-Laurel,0.03%
Monroe-El Dorado,0.03%
Terre Haute,0.03%
Albany-GA,0.03%
Jackson- TN,0.03%
Wausau-Rhinelander,0.03%
Duluth-Superior,0.03%
Lake Charles,0.02%
Laredo,0.02%
Watertown,0.02%
Dothan,0.02%
Clarksburg-Weston,0.02%
Harrisonburg,0.02%
Bangor,0.02%
Erie,0.02%
Jonesboro,0.02%
Bowling Green,0.02%
San Angelo,0.02%
Binghamton,0.02%
Lima,0.02%
Bluefield-Beckley-Oak Hill,0.02%
Quincy-Hannibal-Keokuk,0.02%
Casper-Riverton,0.02%
Meridian,0.02%
Utica,0.01%
Fairbanks,0.01%
Elmira -Corning,0.01%
Wheeling-Steubenville,0.01%
Great Falls,0.01%
Alexandria- LA,0.01%
Helena,0.01%
Greenwood-Greenville,0.01%
Ottumwa-Kirksville,0.01%
Parkersburg,0.01%
St. joseph,0%
Marquette,0%
Victoria,0%
Mankato,0%
Puerto Rico,0%
Zanesville,0%
Juneau,0%
North Platte,0%
Presque Isle,0%
Alpena,0%
Glendive,0%