Year,Month,Visitor Days
2023,Jan,"383,866"
2023,Feb,"359,225"
2023,Mar,"533,856"
2023,Apr,"546,717"
2023,May,"550,064"
2023,Jun,"782,203"
2023,Jul,"1,098,378"
2023,Aug,"703,060"
2023,Sep,"515,982"
2023,Oct,"500,747"
2023,Nov,"404,630"
2023,Dec,"527,170"
2024,Jan,"375,415"
2024,Feb,"351,326"
2024,Mar,"519,416"
2024,Apr,"514,592"
2024,May,"526,903"
2024,Jun,"801,153"
2024,Jul,"1,014,255"
2024,Aug,"785,840"
2024,Sep,"576,920"
2024,Oct,"498,764"
2024,Nov,"474,892"
2024,Dec,"581,853"
2025,Jan,"412,318"
2025,Feb,"373,187"
2025,Mar,"613,399"
2025,Apr,"538,649"
2025,May,"595,737"
2025,Jun,"875,860"
2025,Jul,"944,675"
2025,Aug,"863,991"
2025,Sep,"580,594"
2025,Oct,"532,277"
2025,Nov,"494,564"
2025,Dec,"587,516"
2026,Jan,"435,566"
2026,Feb,"391,692"
2026,Mar,"577,431"
2026,Apr,"586,061"
2026,May,"619,549"
2026,Jun,"855,234"
2026,Jul,"1,069,527"
2026,Aug,"293,062"
2026,Sep,0
2026,Oct,0
2026,Nov,0
2026,Dec,0